<?xml version="1.0" encoding="utf-8"?>
<edmx:Edmx xmlns:edmx="http://docs.oasis-open.org/odata/ns/edmx" Version="4.0">
	<edmx:Reference Uri="/sap/bc/ui5_ui5/ui2/ushell/resources/sap/ushell/components/factsheet/vocabularies/UI.xml">
		<edmx:Include Alias="UI" Namespace="com.sap.vocabularies.UI.v1"/>
	</edmx:Reference>
	<edmx:Reference Uri="/UserCrud_fiori_elements/user/xsodata/userExt.xsodata/$metadata">
		<edmx:Include Alias="userExt.xsodata" Namespace="userExt.xsodata"/>
	</edmx:Reference>
	<edmx:Reference Uri="http://docs.oasis-open.org/odata/odata-data-aggregation-ext/v4.0/cs02/vocabularies/Org.OData.Aggregation.V1.xml">
		<edmx:Include Alias="Aggregation" Namespace="Org.OData.Aggregation.V1"/>
	</edmx:Reference>
	<edmx:Reference Uri="http://docs.oasis-open.org/odata/odata/v4.0/errata03/os/complete/vocabularies/Org.OData.Capabilities.V1.xml">
		<edmx:Include Alias="Capabilities" Namespace="Org.OData.Capabilities.V1"/>
	</edmx:Reference>
	<edmx:Reference Uri="https://wiki.scn.sap.com/wiki/download/attachments/448470974/Common.xml?api=v2">
		<edmx:Include Alias="Common" Namespace="com.sap.vocabularies.Common.v1"/>
	</edmx:Reference>
	<edmx:Reference Uri="https://wiki.scn.sap.com/wiki/download/attachments/448470971/Communication.xml?api=v2">
		<edmx:Include Alias="vCard" Namespace="com.sap.vocabularies.Communication.v1"/>
	</edmx:Reference>
	<edmx:Reference Uri="http://docs.oasis-open.org/odata/odata/v4.0/errata03/os/complete/vocabularies/Org.OData.Core.V1.xml">
		<edmx:Include Alias="Core" Namespace="Org.OData.Core.V1"/>
	</edmx:Reference>
	<edmx:Reference Uri="http://docs.oasis-open.org/odata/odata/v4.0/errata03/os/complete/vocabularies/Org.OData.Measures.V1.xml">
		<edmx:Include Alias="CQP" Namespace="Org.OData.Measures.V1"/>
	</edmx:Reference>
	<edmx:DataServices>
		<Schema xmlns="http://docs.oasis-open.org/odata/ns/edm" Namespace="UserCrud.userExt.xsodata">
			<!--===============================================================================
                Entity Type from chosen collection 
                ================================================================================-->
			<Annotations Target="sap.hana.democontent.epm.services.UsersType">
				<Annotation Term="UI.Identification">
					<Collection>
						<Record Type="UI.DataField">
							<PropertyValue Property="Value" Path="FirstName"/>
							<PropertyValue Property="Label" String="{@i18n&gt;FIRST_NAME}"/>
						</Record>
						<Record Type="UI.DataField">
							<PropertyValue Property="Value" Path="LastName"/>
							<PropertyValue Property="Label" String="{@i18n&gt;LAST_NAME}"/>
						</Record>
						<Record Type="UI.DataField">
							<PropertyValue Property="Value" Path="Email"/>
							<PropertyValue Property="Label" String="{@i18n&gt;EMAIL}"/>
						</Record>
					</Collection>
				</Annotation>
				<Annotation Term="UI.LineItem">
					<Collection>
						<Record Type="UI.DataField">
							<PropertyValue Property="Value" Path="UserId"/>
							<PropertyValue Property="Label" String="{@i18n&gt;USERID}"/>
							<Annotation Term="UI.Importance" EnumMember="UI.ImportanceType/High"/>
						</Record>
						<Record Type="UI.DataField">
							<PropertyValue Property="Value" Path="FirstName"/>
							<PropertyValue Property="Label" String="{@i18n&gt;FIRST_NAME}"/>
						</Record>
						<Record Type="UI.DataField">
							<PropertyValue Property="Value" Path="LastName"/>
							<PropertyValue Property="Label" String="{@i18n&gt;LAST_NAME}"/>
						</Record>
						<Record Type="UI.DataField">
							<PropertyValue Property="Value" Path="Email"/>
							<PropertyValue Property="Label" String="{@i18n&gt;EMAIL}"/>
						</Record>
					</Collection>
				</Annotation>
				<Annotation Term="UI.HeaderInfo">
					<Record Type="UI.HeaderInfoType">
						<PropertyValue Property="TypeName" String="{@i18n&gt;USER}"/>
						<PropertyValue Property="TypeNamePlural" String="{@i18n&gt;USERS}"/>
						<PropertyValue Property="Title">
							<Record Type="UI.DataField">
								<PropertyValue Property="Value" Path="UserId"/>
							</Record>
						</PropertyValue>
					</Record>
				</Annotation>
				<Annotation Term="UI.Facets">
					<Collection>
						<Record Type="UI.CollectionFacet">
							<PropertyValue Property="ID" String="UserInformation"/>
							<PropertyValue Property="Label" String="{@i18n&gt;UserInfoFacetLabel}"/>
							<PropertyValue Property="Facets">
								<Collection>
									<Record Type="UI.ReferenceFacet">
										<PropertyValue Property="Label" String="{@i18n&gt;UserInfoFacetLabel}"/>
										<PropertyValue Property="Target" AnnotationPath="@UI.Identification"/>
									</Record>
								</Collection>
							</PropertyValue>
						</Record>
					</Collection>
				</Annotation>
			</Annotations>
			<!--===============================================================================
                Entity Type from chosen navigation property
                ================================================================================-->
		</Schema>
	</edmx:DataServices>
</edmx:Edmx>
