{   
	"sap.hana.democontent.epm.models::BUYER":
	{
		"target": {
			"object"   : "sap.hana.democontent.epm.models::BUYER"
		}
	},
	"sap.hana.democontent.epm.models::PURCHASE_ORDERS":
	{
		"target": {
			"object"   : "sap.hana.democontent.epm.models::PURCHASE_ORDERS"
		}
	},
	"sap.hana.democontent.epm.models/BUYER":
	{
		"target": {
			"object"   : "sap.hana.democontent.epm.models::BUYER"
		}
	},
	"sap.hana.democontent.epm.models/PURCHASE_ORDERS":
	{
		"target": {
			"object"   : "sap.hana.democontent.epm.models::PURCHASE_ORDERS"
		}
	}	
} 